"","X2.5.","X25.","X50.","X75.","X97.5.","sp","param"
"1",2.48551073840245,2.49914977505072,2.50694514153782,2.51445141020524,2.52806753568566,"LODI","alpha"
"2",-0.247058637415533,-0.230040207383311,-0.219916626205144,-0.210215473999279,-0.190569877257251,"LODI","beta"
"3",0.235277198352881,0.241408018438051,0.244803553460253,0.248164960680934,0.255626820474715,"LODI","sigma"
"4",2.28304592340977,2.30232168209988,2.31250505434342,2.32189105329268,2.3405501882407,"LIKE","alpha"
"5",-0.330246404776252,-0.305094645521348,-0.289864947466629,-0.275761878182059,-0.246581023625489,"LIKE","beta"
"6",0.392589350187525,0.403177194245479,0.408387785743693,0.41370947943914,0.42450314918438,"LIKE","sigma"
"7",2.73874786264737,2.75232388732513,2.75825992323518,2.76397462639968,2.77588312933998,"CHFU","alpha"
"8",-0.186183286947222,-0.172998344070884,-0.167262156969522,-0.160237775349304,-0.146054896222325,"CHFU","beta"
"9",0.281363584900028,0.284638797315662,0.286226629091816,0.287900045887522,0.291175914821191,"CHFU","sigma"
