"","metric","slope","std_error","p_value","duration_yrs","change_temp_C"
"1","maximum",-0.0223267652159855,0.0111434639834882,0.0497947089404689,60,-1.34
"2","median",-0.00287294133995737,0.0118156301082898,0.808748997564694,60,-0.172
"3","minimum",0.0162289830759772,0.00803259720882421,0.0479689871201912,60,0.974
