"","climate_var","slope","std_error","p_value","duration_yrs","change_temp_C"
"1","air_max",-0.0214249008604922,0.00971547622536688,0.0310372102524539,66,-1.414
"2","air_min",0.00185868234945629,0.0100872633474473,0.85439184711412,66,0.123
"3","air_obs",-0.00287294133995737,0.0118156301082898,0.808748997564694,60,-0.172
"4","precip",8.91281582327332e-05,0.00070976385369555,0.900462479755597,66,0.006
