"","X2.5.","X25.","X50.","X75.","X97.5.","spp","data","model","param"
"1",1.20009200942549,1.20586536971232,1.20886770511835,1.21179588356852,1.21764873863425,"CHFU","raw","era","b0"
"2",-0.0926587295382352,-0.086565422598696,-0.0834259676058513,-0.0802140851262417,-0.0741714976353289,"CHFU","raw","era","b1"
"3",0.122565257803344,0.123920747912069,0.124669080378095,0.125396128114461,0.126818671526027,"CHFU","raw","era","sigma"
"4",-0.192440596222572,-0.18076236022614,-0.174768115804343,-0.16863660093865,-0.156893420005796,"CHFU","raw","era","prop_change"
