"","Point est.","Upper C.I."
"b0",1.00155966944256,1.00512740638004
"b1",1.00163220322051,1.00534455678491
"sigma",1.00027957858606,1.00104827740837
